{
    "variable": [
        {
            "id": "baseUrl",
            "key": "baseUrl",
            "type": "string",
            "name": "string",
            "value": "http:\/\/localhost"
        }
    ],
    "info": {
        "name": "Laravel",
        "_postman_id": "472bd822-a4e2-477d-a81e-8508b46abc08",
        "description": "",
        "schema": "https:\/\/schema.getpostman.com\/json\/collection\/v2.1.0\/collection.json"
    },
    "item": [
        {
            "name": "Endpoints",
            "description": "",
            "item": [
                {
                    "name": "Display Swagger API page.",
                    "request": {
                        "url": {
                            "host": "{{baseUrl}}",
                            "path": "api\/documentation",
                            "query": [],
                            "raw": "{{baseUrl}}\/api\/documentation"
                        },
                        "method": "GET",
                        "header": [
                            {
                                "key": "Content-Type",
                                "value": "application\/json"
                            },
                            {
                                "key": "Accept",
                                "value": "application\/json"
                            }
                        ],
                        "body": null,
                        "description": "",
                        "auth": {
                            "type": "noauth"
                        }
                    },
                    "response": [
                        {
                            "header": [
                                {
                                    "key": "cache-control",
                                    "value": "no-cache, private"
                                },
                                {
                                    "key": "content-type",
                                    "value": "application\/json"
                                }
                            ],
                            "code": 200,
                            "body": "<!DOCTYPE html>\r\n<html lang=\"en\">\r\n<head>\r\n    <meta charset=\"UTF-8\">\r\n    <title>L5 Swagger UI<\/title>\r\n    <link rel=\"stylesheet\" type=\"text\/css\" href=\"http:\/\/localhost\/docs\/asset\/swagger-ui.css?v=0cc4180f1befeea306a82ff969b7fe7c\">\r\n    <link rel=\"icon\" type=\"image\/png\" href=\"http:\/\/localhost\/docs\/asset\/favicon-32x32.png?v=40d4f2c38d1cd854ad463f16373cbcb6\" sizes=\"32x32\"\/>\r\n    <link rel=\"icon\" type=\"image\/png\" href=\"http:\/\/localhost\/docs\/asset\/favicon-16x16.png?v=f0ae831196d55d8f4115b6c5e8ec5384\" sizes=\"16x16\"\/>\r\n    <style>\r\n    html\r\n    {\r\n        box-sizing: border-box;\r\n        overflow: -moz-scrollbars-vertical;\r\n        overflow-y: scroll;\r\n    }\r\n    *,\r\n    *:before,\r\n    *:after\r\n    {\r\n        box-sizing: inherit;\r\n    }\r\n\r\n    body {\r\n      margin:0;\r\n      background: #fafafa;\r\n    }\r\n    <\/style>\r\n<\/head>\r\n\r\n<body>\r\n<div id=\"swagger-ui\"><\/div>\r\n\r\n<script src=\"http:\/\/localhost\/docs\/asset\/swagger-ui-bundle.js?v=1af3ec62ad38bd8b4c1f99a31e07e58c\"><\/script>\r\n<script src=\"http:\/\/localhost\/docs\/asset\/swagger-ui-standalone-preset.js?v=0e73555b7119ba9593b450964ce857a0\"><\/script>\r\n<script>\r\n    window.onload = function() {\r\n        \/\/ Build a system\r\n        const ui = SwaggerUIBundle({\r\n            dom_id: '#swagger-ui',\r\n            url: \"http:\/\/localhost\/docs\/api-docs.json\",\r\n            operationsSorter: null,\r\n            configUrl: null,\r\n            validatorUrl: null,\r\n            oauth2RedirectUrl: \"http:\/\/localhost\/api\/oauth2-callback\",\r\n\r\n            requestInterceptor: function(request) {\r\n                request.headers['X-CSRF-TOKEN'] = '';\r\n                return request;\r\n            },\r\n\r\n            presets: [\r\n                SwaggerUIBundle.presets.apis,\r\n                SwaggerUIStandalonePreset\r\n            ],\r\n\r\n            plugins: [\r\n                SwaggerUIBundle.plugins.DownloadUrl\r\n            ],\r\n\r\n            layout: \"StandaloneLayout\",\r\n            docExpansion : \"none\",\r\n            deepLinking: true,\r\n            filter: true,\r\n            persistAuthorization: \"false\",\r\n\r\n        })\r\n\r\n        window.ui = ui\r\n\r\n                ui.initOAuth({\r\n            usePkceWithAuthorizationCodeGrant: \"\"\r\n        })\r\n            }\r\n<\/script>\r\n<\/body>\r\n<\/html>\r\n",
                            "name": ""
                        }
                    ]
                },
                {
                    "name": "Display Oauth2 callback pages.",
                    "request": {
                        "url": {
                            "host": "{{baseUrl}}",
                            "path": "api\/oauth2-callback",
                            "query": [],
                            "raw": "{{baseUrl}}\/api\/oauth2-callback"
                        },
                        "method": "GET",
                        "header": [
                            {
                                "key": "Content-Type",
                                "value": "application\/json"
                            },
                            {
                                "key": "Accept",
                                "value": "application\/json"
                            }
                        ],
                        "body": null,
                        "description": "",
                        "auth": {
                            "type": "noauth"
                        }
                    },
                    "response": [
                        {
                            "header": [
                                {
                                    "key": "content-type",
                                    "value": "text\/html; charset=UTF-8"
                                },
                                {
                                    "key": "cache-control",
                                    "value": "no-cache, private"
                                }
                            ],
                            "code": 200,
                            "body": "<!doctype html>\n<html lang=\"en-US\">\n<head>\n    <title>Swagger UI: OAuth2 Redirect<\/title>\n<\/head>\n<body>\n<script>\n    'use strict';\n    function run () {\n        var oauth2 = window.opener.swaggerUIRedirectOauth2;\n        var sentState = oauth2.state;\n        var redirectUrl = oauth2.redirectUrl;\n        var isValid, qp, arr;\n\n        if (\/code|token|error\/.test(window.location.hash)) {\n            qp = window.location.hash.substring(1).replace('?', '&');\n        } else {\n            qp = location.search.substring(1);\n        }\n\n        arr = qp.split(\"&\");\n        arr.forEach(function (v,i,_arr) { _arr[i] = '\"' + v.replace('=', '\":\"') + '\"';});\n        qp = qp ? JSON.parse('{' + arr.join() + '}',\n                function (key, value) {\n                    return key === \"\" ? value : decodeURIComponent(value);\n                }\n        ) : {};\n\n        isValid = qp.state === sentState;\n\n        if ((\n          oauth2.auth.schema.get(\"flow\") === \"accessCode\" ||\n          oauth2.auth.schema.get(\"flow\") === \"authorizationCode\" ||\n          oauth2.auth.schema.get(\"flow\") === \"authorization_code\"\n        ) && !oauth2.auth.code) {\n            if (!isValid) {\n                oauth2.errCb({\n                    authId: oauth2.auth.name,\n                    source: \"auth\",\n                    level: \"warning\",\n                    message: \"Authorization may be unsafe, passed state was changed in server. The passed state wasn't returned from auth server.\"\n                });\n            }\n\n            if (qp.code) {\n                delete oauth2.state;\n                oauth2.auth.code = qp.code;\n                oauth2.callback({auth: oauth2.auth, redirectUrl: redirectUrl});\n            } else {\n                let oauthErrorMsg;\n                if (qp.error) {\n                    oauthErrorMsg = \"[\"+qp.error+\"]: \" +\n                        (qp.error_description ? qp.error_description+ \". \" : \"no accessCode received from the server. \") +\n                        (qp.error_uri ? \"More info: \"+qp.error_uri : \"\");\n                }\n\n                oauth2.errCb({\n                    authId: oauth2.auth.name,\n                    source: \"auth\",\n                    level: \"error\",\n                    message: oauthErrorMsg || \"[Authorization failed]: no accessCode received from the server.\"\n                });\n            }\n        } else {\n            oauth2.callback({auth: oauth2.auth, token: qp, isValid: isValid, redirectUrl: redirectUrl});\n        }\n        window.close();\n    }\n\n    if (document.readyState !== 'loading') {\n        run();\n    } else {\n        document.addEventListener('DOMContentLoaded', function () {\n            run();\n        });\n    }\n<\/script>\n<\/body>\n<\/html>\n",
                            "name": ""
                        }
                    ]
                },
                {
                    "name": "POST api\/login",
                    "request": {
                        "url": {
                            "host": "{{baseUrl}}",
                            "path": "api\/login",
                            "query": [],
                            "raw": "{{baseUrl}}\/api\/login"
                        },
                        "method": "POST",
                        "header": [
                            {
                                "key": "Content-Type",
                                "value": "application\/json"
                            },
                            {
                                "key": "Accept",
                                "value": "application\/json"
                            }
                        ],
                        "body": {
                            "mode": "raw",
                            "raw": "{\"email\":\"ywintheiser@example.net\",\"password\":\"id\"}"
                        },
                        "description": "",
                        "auth": {
                            "type": "noauth"
                        }
                    },
                    "response": []
                },
                {
                    "name": "POST api\/register",
                    "request": {
                        "url": {
                            "host": "{{baseUrl}}",
                            "path": "api\/register",
                            "query": [],
                            "raw": "{{baseUrl}}\/api\/register"
                        },
                        "method": "POST",
                        "header": [
                            {
                                "key": "Content-Type",
                                "value": "application\/json"
                            },
                            {
                                "key": "Accept",
                                "value": "application\/json"
                            }
                        ],
                        "body": {
                            "mode": "raw",
                            "raw": "{\"name\":\"id\",\"email\":\"maria14@example.net\",\"password\":\"suscipit\",\"mobile_number\":\"cum\"}"
                        },
                        "description": "",
                        "auth": {
                            "type": "noauth"
                        }
                    },
                    "response": []
                },
                {
                    "name": "GET api\/sample",
                    "request": {
                        "url": {
                            "host": "{{baseUrl}}",
                            "path": "api\/sample",
                            "query": [],
                            "raw": "{{baseUrl}}\/api\/sample"
                        },
                        "method": "GET",
                        "header": [
                            {
                                "key": "Content-Type",
                                "value": "application\/json"
                            },
                            {
                                "key": "Accept",
                                "value": "application\/json"
                            }
                        ],
                        "body": null,
                        "description": "",
                        "auth": {
                            "type": "noauth"
                        }
                    },
                    "response": [
                        {
                            "header": [
                                {
                                    "key": "cache-control",
                                    "value": "no-cache, private"
                                },
                                {
                                    "key": "content-type",
                                    "value": "application\/json"
                                },
                                {
                                    "key": "x-ratelimit-limit",
                                    "value": "60"
                                },
                                {
                                    "key": "x-ratelimit-remaining",
                                    "value": "59"
                                }
                            ],
                            "code": 200,
                            "body": "\"Ok\"",
                            "name": ""
                        }
                    ]
                },
                {
                    "name": "GET api\/user",
                    "request": {
                        "url": {
                            "host": "{{baseUrl}}",
                            "path": "api\/user",
                            "query": [],
                            "raw": "{{baseUrl}}\/api\/user"
                        },
                        "method": "GET",
                        "header": [
                            {
                                "key": "Content-Type",
                                "value": "application\/json"
                            },
                            {
                                "key": "Accept",
                                "value": "application\/json"
                            }
                        ],
                        "body": null,
                        "description": "",
                        "auth": {
                            "type": "noauth"
                        }
                    },
                    "response": [
                        {
                            "header": [
                                {
                                    "key": "cache-control",
                                    "value": "no-cache, private"
                                },
                                {
                                    "key": "content-type",
                                    "value": "application\/json"
                                }
                            ],
                            "code": 401,
                            "body": "{\"message\":\"Unauthenticated.\"}",
                            "name": ""
                        }
                    ]
                }
            ]
        }
    ],
    "auth": {
        "type": "noauth"
    }
}